-- phpMyAdmin SQL Dump
-- version 5.0.1
-- https://www.phpmyadmin.net/
--
-- Host: localhost
-- Generation Time: Dec 28, 2021 at 10:21 AM
-- Server version: 10.4.11-MariaDB
-- PHP Version: 7.4.1

SET SQL_MODE = "NO_AUTO_VALUE_ON_ZERO";
SET AUTOCOMMIT = 0;
START TRANSACTION;
SET time_zone = "+00:00";


/*!40101 SET @OLD_CHARACTER_SET_CLIENT=@@CHARACTER_SET_CLIENT */;
/*!40101 SET @OLD_CHARACTER_SET_RESULTS=@@CHARACTER_SET_RESULTS */;
/*!40101 SET @OLD_COLLATION_CONNECTION=@@COLLATION_CONNECTION */;
/*!40101 SET NAMES utf8mb4 */;

--
-- Database: `surat`
--

-- --------------------------------------------------------

--
-- Table structure for table `ci_sessions`
--

CREATE TABLE `ci_sessions` (
  `id` varchar(128) NOT NULL,
  `ip_address` varchar(45) NOT NULL,
  `timestamp` int(10) UNSIGNED NOT NULL DEFAULT 0,
  `data` blob NOT NULL
) ENGINE=InnoDB DEFAULT CHARSET=utf8mb4;

--
-- Dumping data for table `ci_sessions`
--

INSERT INTO `ci_sessions` (`id`, `ip_address`, `timestamp`, `data`) VALUES
('016140b3437233ca0a31987a41f0151668d9e684', '::1', 1608259602, 0x5f5f63695f6c6173745f726567656e65726174657c693a313630383235393630323b69645f757365727c733a313a2231223b757365726e616d657c733a353a2261646d696e223b616b7365737c733a353a2261646d696e223b6c6f676765645f696e7c623a313b),
('03b0e1ea679376309c4fcc362adcda933d5c68ef', '::1', 1608259928, 0x5f5f63695f6c6173745f726567656e65726174657c693a313630383235393932383b69645f757365727c733a313a2231223b757365726e616d657c733a353a2261646d696e223b616b7365737c733a353a2261646d696e223b6c6f676765645f696e7c623a313b),
('0d45e5b63eb433b95a1566ca72f47e2c42fe3659', '::1', 1635765394, 0x5f5f63695f6c6173745f726567656e65726174657c693a313633353736353339343b69645f757365727c733a313a2231223b757365726e616d657c733a353a2261646d696e223b616b7365737c733a353a2261646d696e223b6c6f676765645f696e7c623a313b),
('1490c4e7bab7ce2265e4f0d8d37d744ea643da41', '::1', 1608258711, 0x5f5f63695f6c6173745f726567656e65726174657c693a313630383235383731313b69645f757365727c733a313a2231223b757365726e616d657c733a353a2261646d696e223b616b7365737c733a353a2261646d696e223b6c6f676765645f696e7c623a313b),
('1a7aea1bf2f3d4aa9ddc10026be6626513b3979d', '::1', 1635767027, 0x5f5f63695f6c6173745f726567656e65726174657c693a313633353736373032373b69645f757365727c733a313a2231223b757365726e616d657c733a353a2261646d696e223b616b7365737c733a353a2261646d696e223b6c6f676765645f696e7c623a313b),
('1ab2e375f4e8e273a51c06cfebbb4ba26defcc88', '::1', 1608219761, 0x5f5f63695f6c6173745f726567656e65726174657c693a313630383231393736313b69645f757365727c733a313a2231223b757365726e616d657c733a353a2261646d696e223b616b7365737c733a353a2261646d696e223b6c6f676765645f696e7c623a313b),
('242862deed5105f55d030192fd8def30a6ede244', '::1', 1635766077, 0x5f5f63695f6c6173745f726567656e65726174657c693a313633353736363037373b69645f757365727c733a313a2231223b757365726e616d657c733a353a2261646d696e223b616b7365737c733a353a2261646d696e223b6c6f676765645f696e7c623a313b),
('271e21a73e226439cadbd4238e894a84107f7897', '::1', 1608257847, 0x5f5f63695f6c6173745f726567656e65726174657c693a313630383235373834373b69645f757365727c733a313a2231223b757365726e616d657c733a353a2261646d696e223b616b7365737c733a353a2261646d696e223b6c6f676765645f696e7c623a313b),
('2d0834734c1313bd113d0183386efa33272f9949', '::1', 1608362539, 0x5f5f63695f6c6173745f726567656e65726174657c693a313630383336323533393b),
('3446d463de6f31cbd4f5a0a70f2cd4a488a02159', '::1', 1616640785, 0x5f5f63695f6c6173745f726567656e65726174657c693a313631363634303738303b69645f757365727c733a313a2231223b757365726e616d657c733a353a2261646d696e223b616b7365737c733a353a2261646d696e223b6c6f676765645f696e7c623a313b),
('488eb0e242423a0425ee3698dd4665c39ce4d9d6', '::1', 1635766536, 0x5f5f63695f6c6173745f726567656e65726174657c693a313633353736363533363b69645f757365727c733a313a2231223b757365726e616d657c733a353a2261646d696e223b616b7365737c733a353a2261646d696e223b6c6f676765645f696e7c623a313b),
('49957fc9627a1d86ccfe62f8f9790fb5cb0cd028', '::1', 1608255977, 0x5f5f63695f6c6173745f726567656e65726174657c693a313630383235353937373b69645f757365727c733a313a2231223b757365726e616d657c733a353a2261646d696e223b616b7365737c733a353a2261646d696e223b6c6f676765645f696e7c623a313b),
('49e893e4ca5fb35be3e1006552447b19913666be', '::1', 1608637081, 0x5f5f63695f6c6173745f726567656e65726174657c693a313630383633373036383b),
('4cdb13a3abd31d609bec771b6460fba0c5464ffe', '::1', 1608304804, 0x5f5f63695f6c6173745f726567656e65726174657c693a313630383330343830343b69645f757365727c733a313a2232223b757365726e616d657c733a343a2275736572223b616b7365737c733a343a2275736572223b6c6f676765645f696e7c623a313b),
('65367cb22f8714dd647af473f797ad9aa3fade49', '::1', 1616639827, 0x5f5f63695f6c6173745f726567656e65726174657c693a313631363633393731323b69645f757365727c733a313a2231223b757365726e616d657c733a353a2261646d696e223b616b7365737c733a353a2261646d696e223b6c6f676765645f696e7c623a313b),
('6b8b0f5cb9c2e4d35c48ecd0bdecb83a8af03886', '::1', 1608255524, 0x5f5f63695f6c6173745f726567656e65726174657c693a313630383235353532343b),
('6eaf2e692b34bce1eb6dc2aaa182cef5350a2e88', '::1', 1635764914, 0x5f5f63695f6c6173745f726567656e65726174657c693a313633353736343931343b69645f757365727c733a313a2231223b757365726e616d657c733a353a2261646d696e223b616b7365737c733a353a2261646d696e223b6c6f676765645f696e7c623a313b),
('71c52b65ed9c61ce1e6139a10863e9c5b53d157d', '::1', 1608260163, 0x5f5f63695f6c6173745f726567656e65726174657c693a313630383235393932383b616c6572747c733a31363a22426572686173696c204c6f676f757421223b5f5f63695f766172737c613a313a7b733a353a22616c657274223b733a333a226f6c64223b7d),
('74825aa49dc195485df63ed16fd5ed7e0bf78f32', '::1', 1608305190, 0x5f5f63695f6c6173745f726567656e65726174657c693a313630383330353139303b69645f757365727c733a313a2232223b757365726e616d657c733a343a2275736572223b616b7365737c733a343a2275736572223b6c6f676765645f696e7c623a313b616c6572747c733a32343a22496e766f69636520626572686169736c2044697562616821223b5f5f63695f766172737c613a313a7b733a353a22616c657274223b733a333a226f6c64223b7d),
('7dd3e39e707ace9ade1254c32021e9b912a7057b', '::1', 1608303966, 0x5f5f63695f6c6173745f726567656e65726174657c693a313630383330333936363b69645f757365727c733a313a2232223b757365726e616d657c733a343a2275736572223b616b7365737c733a343a2275736572223b6c6f676765645f696e7c623a313b),
('8cbc342071283001116b0188b36d2c69d5249167', '::1', 1608305446, 0x5f5f63695f6c6173745f726567656e65726174657c693a313630383330353434363b),
('91a284ac51e59d3a76c2a32b5a18ebd7826c9192', '::1', 1608304448, 0x5f5f63695f6c6173745f726567656e65726174657c693a313630383330343434383b69645f757365727c733a313a2232223b757365726e616d657c733a343a2275736572223b616b7365737c733a343a2275736572223b6c6f676765645f696e7c623a313b),
('92f47a0ad784b5f238a8f9a5906b81b07ef496b5', '::1', 1608256344, 0x5f5f63695f6c6173745f726567656e65726174657c693a313630383235363334343b69645f757365727c733a313a2231223b757365726e616d657c733a353a2261646d696e223b616b7365737c733a353a2261646d696e223b6c6f676765645f696e7c623a313b),
('945d4488859ca26934b0b90ae75a53bd49591bd1', '::1', 1616641510, 0x5f5f63695f6c6173745f726567656e65726174657c693a313631363634313530373b69645f757365727c733a313a2231223b757365726e616d657c733a353a2261646d696e223b616b7365737c733a353a2261646d696e223b6c6f676765645f696e7c623a313b),
('a59942cb8f61ddc9e4d2c0bb6a6db579fb77a0e9', '::1', 1608637068, 0x5f5f63695f6c6173745f726567656e65726174657c693a313630383633373036383b),
('aedc15f499b2b1261e7e61a36ccd733a3e358cb2', '::1', 1608220181, 0x5f5f63695f6c6173745f726567656e65726174657c693a313630383232303138313b),
('aee22d7c47ef03dd6d9822454dcfce36ea1ed06d', '::1', 1608257454, 0x5f5f63695f6c6173745f726567656e65726174657c693a313630383235373435343b69645f757365727c733a313a2231223b757365726e616d657c733a353a2261646d696e223b616b7365737c733a353a2261646d696e223b6c6f676765645f696e7c623a313b),
('b53fe648242a252fdb37900096d6b6f441d7b061', '::1', 1608259153, 0x5f5f63695f6c6173745f726567656e65726174657c693a313630383235393135333b69645f757365727c733a313a2231223b757365726e616d657c733a353a2261646d696e223b616b7365737c733a353a2261646d696e223b6c6f676765645f696e7c623a313b),
('b7623c945c485865d9ce9e7deb0ff169ef3187f7', '::1', 1608636757, 0x5f5f63695f6c6173745f726567656e65726174657c693a313630383633363735373b),
('d06d2d3c69a995073e9498d1fdb5617a69b8fc5d', '::1', 1616646321, 0x5f5f63695f6c6173745f726567656e65726174657c693a313631363634363332313b),
('dd1e7aef0827d0818c1a5d9b402c4e951633f4e2', '::1', 1608256646, 0x5f5f63695f6c6173745f726567656e65726174657c693a313630383235363634363b69645f757365727c733a313a2231223b757365726e616d657c733a353a2261646d696e223b616b7365737c733a353a2261646d696e223b6c6f676765645f696e7c623a313b),
('e1abe349a065fae74e50088a5d064a5e5c6deee4', '::1', 1608362202, 0x5f5f63695f6c6173745f726567656e65726174657c693a313630383336323230323b69645f757365727c733a313a2231223b757365726e616d657c733a353a2261646d696e223b616b7365737c733a353a2261646d696e223b6c6f676765645f696e7c623a313b616c6572747c733a32343a22496e766f69636520426572686173696c2044697562616821223b5f5f63695f766172737c613a313a7b733a353a22616c657274223b733a333a226f6c64223b7d),
('e2f460c6138b606a972e8e28fc57aa8e7c7c1fd7', '::1', 1635767130, 0x5f5f63695f6c6173745f726567656e65726174657c693a313633353736373032373b69645f757365727c733a313a2231223b757365726e616d657c733a353a2261646d696e223b616b7365737c733a353a2261646d696e223b6c6f676765645f696e7c623a313b),
('e437a98ee8f3dc37f8065426b7b1b365fb637a5d', '::1', 1616646321, 0x5f5f63695f6c6173745f726567656e65726174657c693a313631363634363332313b),
('ea97b47972d1799d98a82705be2be604f0981d35', '::1', 1608258263, 0x5f5f63695f6c6173745f726567656e65726174657c693a313630383235383236333b69645f757365727c733a313a2231223b757365726e616d657c733a353a2261646d696e223b616b7365737c733a353a2261646d696e223b6c6f676765645f696e7c623a313b);

-- --------------------------------------------------------

--
-- Table structure for table `tb_divisi`
--

CREATE TABLE `tb_divisi` (
  `id_divisi` tinyint(3) NOT NULL,
  `divisi` varchar(40) DEFAULT NULL,
  `slug` varchar(10) DEFAULT NULL,
  `is_aktif` enum('yes','no') DEFAULT NULL
) ENGINE=InnoDB DEFAULT CHARSET=utf8mb4;

--
-- Dumping data for table `tb_divisi`
--

INSERT INTO `tb_divisi` (`id_divisi`, `divisi`, `slug`, `is_aktif`) VALUES
(1, 'Software Development', 'DIV-IT', 'yes'),
(2, 'Training and Education', 'EDU', 'yes'),
(3, 'Procurement', 'SHOP', 'yes');

-- --------------------------------------------------------

--
-- Table structure for table `tb_invoice`
--

CREATE TABLE `tb_invoice` (
  `no_invoice` varchar(30) NOT NULL,
  `no_urut` char(5) DEFAULT NULL,
  `id_divisi` tinyint(3) DEFAULT NULL,
  `kode_project` varchar(8) DEFAULT NULL,
  `id_user` int(5) DEFAULT NULL,
  `date` date DEFAULT NULL,
  `payment_type` varchar(40) DEFAULT NULL,
  `due_date` date DEFAULT NULL,
  `kepada` tinytext DEFAULT NULL,
  `note` text DEFAULT NULL,
  `is_paid` enum('yes','no') DEFAULT NULL
) ENGINE=InnoDB DEFAULT CHARSET=utf8mb4;

--
-- Dumping data for table `tb_invoice`
--

INSERT INTO `tb_invoice` (`no_invoice`, `no_urut`, `id_divisi`, `kode_project`, `id_user`, `date`, `payment_type`, `due_date`, `kepada`, `note`, `is_paid`) VALUES
('00003/DIV-IT/XII/2020', '00003', 1, 'COBA51', 1, '2020-12-17', 'Coba', '2021-01-07', 'Coba', '', 'yes'),
('00004/DIV-IT/XII/2020', '00004', 1, 'AL AZ99', 2, '2020-12-17', 'perpanjangan domain alazharkediri.org', '2020-12-31', 'Al Azhar Kediri', 'Lunas semua lancar', 'no'),
('00005/CV-NMM/XI/2021', '00005', 2, 'SMK C56', 1, '2021-11-01', 'Prakerin', '2021-11-08', 'SMK Coba', 'Coba', 'yes');

-- --------------------------------------------------------

--
-- Table structure for table `tb_item`
--

CREATE TABLE `tb_item` (
  `id` bigint(20) NOT NULL,
  `no_invoice` varchar(30) DEFAULT NULL,
  `item` tinytext DEFAULT NULL,
  `qty` int(3) DEFAULT NULL,
  `price` int(10) DEFAULT NULL
) ENGINE=InnoDB DEFAULT CHARSET=utf8mb4;

--
-- Dumping data for table `tb_item`
--

INSERT INTO `tb_item` (`id`, `no_invoice`, `item`, `qty`, `price`) VALUES
(6, '00003/DIV-IT/XII/2020', 'Coba', 1, 2000),
(9, '00004/DIV-IT/XII/2020', 'Pembayaran Domain', 1, 800000),
(10, '00004/DIV-IT/XII/2020', 'Pembayaran Hosting 1 Tahun', 1, 1200000),
(12, '00005/CV-NMM/XI/2021', 'Sertifikat', 100, 6000),
(14, '00003/DIV-IT/XII/2020', 'Coba Lagi', 1, 75000),
(15, '00005/CV-NMM/XI/2021', 'Training', 1, 1500000);

-- --------------------------------------------------------

--
-- Table structure for table `tb_lembaga`
--

CREATE TABLE `tb_lembaga` (
  `id_lembaga` int(5) NOT NULL,
  `lembaga` varchar(60) DEFAULT NULL,
  `alamat` tinytext DEFAULT NULL,
  `website` varchar(100) DEFAULT NULL,
  `phone` varchar(20) DEFAULT NULL,
  `deskripsi` text DEFAULT NULL,
  `logo` tinytext DEFAULT NULL,
  `is_aktif` enum('yes','no') DEFAULT NULL
) ENGINE=InnoDB DEFAULT CHARSET=utf8mb4;

--
-- Dumping data for table `tb_lembaga`
--

INSERT INTO `tb_lembaga` (`id_lembaga`, `lembaga`, `alamat`, `website`, `phone`, `deskripsi`, `logo`, `is_aktif`) VALUES
(1, 'CV Nusantara Media Mandiri', 'Perum Ayana Blok i 56 Desa Sambiresik Kab Kediri Jawa Timur 64100 ', 'https://cv-nmm.com', '+6285235830024', '<p>\n	CV NMM melayani : Pendidikan Komputer, Instalasi Jaringan, Pembuatan Software, Website, dan Pemesanan Hardware.&nbsp;</p>\n', '13ad3-logo.jpg', 'yes');

-- --------------------------------------------------------

--
-- Table structure for table `tb_user`
--

CREATE TABLE `tb_user` (
  `id_user` int(5) NOT NULL,
  `username` varchar(100) DEFAULT NULL,
  `password` varchar(100) DEFAULT NULL,
  `nama` varchar(60) DEFAULT NULL,
  `gender` enum('L','P') DEFAULT NULL,
  `alamat` text DEFAULT NULL,
  `hp` varchar(17) DEFAULT NULL,
  `akses` enum('user','admin') DEFAULT NULL,
  `is_aktif` enum('yes','no') DEFAULT NULL
) ENGINE=InnoDB DEFAULT CHARSET=utf8mb4;

--
-- Dumping data for table `tb_user`
--

INSERT INTO `tb_user` (`id_user`, `username`, `password`, `nama`, `gender`, `alamat`, `hp`, `akses`, `is_aktif`) VALUES
(1, 'admin', 'd033e22ae348aeb5660fc2140aec35850c4da997', 'Admin Invoice', 'L', '<p>\n	Kediri</p>\n', '085235830024', 'admin', 'yes'),
(2, 'user', '40bd001563085fc35165329ea1ff5c5ecbdbbeef', 'User Invoice', 'L', '<p>\n	Tulungagung</p>\n', '085356789299', 'user', 'yes');

--
-- Indexes for dumped tables
--

--
-- Indexes for table `ci_sessions`
--
ALTER TABLE `ci_sessions`
  ADD PRIMARY KEY (`id`),
  ADD KEY `ci_sessions_timestamp` (`timestamp`);

--
-- Indexes for table `tb_divisi`
--
ALTER TABLE `tb_divisi`
  ADD PRIMARY KEY (`id_divisi`);

--
-- Indexes for table `tb_invoice`
--
ALTER TABLE `tb_invoice`
  ADD PRIMARY KEY (`no_invoice`),
  ADD KEY `id_user` (`id_user`);

--
-- Indexes for table `tb_item`
--
ALTER TABLE `tb_item`
  ADD PRIMARY KEY (`id`),
  ADD KEY `no_invoice` (`no_invoice`);

--
-- Indexes for table `tb_lembaga`
--
ALTER TABLE `tb_lembaga`
  ADD PRIMARY KEY (`id_lembaga`);

--
-- Indexes for table `tb_user`
--
ALTER TABLE `tb_user`
  ADD PRIMARY KEY (`id_user`);

--
-- AUTO_INCREMENT for dumped tables
--

--
-- AUTO_INCREMENT for table `tb_divisi`
--
ALTER TABLE `tb_divisi`
  MODIFY `id_divisi` tinyint(3) NOT NULL AUTO_INCREMENT, AUTO_INCREMENT=4;

--
-- AUTO_INCREMENT for table `tb_item`
--
ALTER TABLE `tb_item`
  MODIFY `id` bigint(20) NOT NULL AUTO_INCREMENT, AUTO_INCREMENT=16;

--
-- AUTO_INCREMENT for table `tb_lembaga`
--
ALTER TABLE `tb_lembaga`
  MODIFY `id_lembaga` int(5) NOT NULL AUTO_INCREMENT, AUTO_INCREMENT=2;

--
-- AUTO_INCREMENT for table `tb_user`
--
ALTER TABLE `tb_user`
  MODIFY `id_user` int(5) NOT NULL AUTO_INCREMENT, AUTO_INCREMENT=3;

--
-- Constraints for dumped tables
--

--
-- Constraints for table `tb_item`
--
ALTER TABLE `tb_item`
  ADD CONSTRAINT `tb_item_ibfk_1` FOREIGN KEY (`no_invoice`) REFERENCES `tb_invoice` (`no_invoice`) ON DELETE CASCADE ON UPDATE CASCADE;
COMMIT;

/*!40101 SET CHARACTER_SET_CLIENT=@OLD_CHARACTER_SET_CLIENT */;
/*!40101 SET CHARACTER_SET_RESULTS=@OLD_CHARACTER_SET_RESULTS */;
/*!40101 SET COLLATION_CONNECTION=@OLD_COLLATION_CONNECTION */;
